admin-1234-admin-E000-admin-Nguyen Bao Phat-19-Male-bao123@gmail.com-Viet Nam-0972200871
baooo-bao1234-Chief Of Department-CD001-Chief Of Department-Hoang Gia Bao-19-Male-bao@gmail.com-Binh Dinh-0123541254
phat-phat1234-Official Employee-E001-Official Employee-Nguyen Tien Phat-19-Male-phat@gmail.com-Quang Ngai-0125478415
chinh-chinh1234-Official Employee-E004-Official Employee-Mai Trung Chinh-19-Male-chinh@gmail.com-Quang Ngai-0123654874
tuan-tuab1234-Intern Employee-E005-Intern Employee-Nguyen Minh Tuan-19-Male-tuan@gmail.com-Hai Phong-0154125201
buibao-buibao1234-Official Employee-E002-Official Employee-Bui Hong Bao-19-Male-bui@gmail.com-Ho Chi Minh-0954784124
baooo-bao1234-Chief Of Department-CD002-Chief Of Department-Ha Ly Gia Bao-19-Male-bao@gmail.com-Dong Nai-0123541254
tuan-tuan123-Official Employee-E003-Official Employee-Nguyen Hong Tuan-20-Male-tuan@gmail.com-Ha Noi-0123456789
