admin-1234-admin-E000-admin-Bao-19-male-bao123@gmail.com-bh-0972200871
dbrr-1234-Chief Of Department-E001-Chief Of Department-Bao-19-male-bao123@gmail.com-bh-0972200871
phat-phatdbrr1234-Official Employee-E002-Intern Employee-Phat -19-Male-phatdbrr@gmail.com-phat@gmail.com-0154697541
chinh-chinh1234-Official Employee-E003-Intern Employee-chinh chu-19-Male-chinh@gmail.com-chinhchu123-0123456789
buibaoAI-buibaoAI-Official Employee-E004-Official Employee-BaoBao-19-Male-ssss@gmail.com-vss-0126547841
